target_binary,avg_resting_bp,avg_cholesterol,avg_max_heart_rate,avg_oldpeak
0.0,129.91304347826087,227.90561224489795,148.80051150895142,0.4182051282051283
1.0,133.9787234042553,176.47991967871485,128.26160337552741,1.2626068376068378
